{
  "sections": {
    "slideshow": {
      "type": "slideshow",
      "blocks": {
        "slide": {
          "type": "slide",
          "settings": {
          }
        }
      },
      "block_order": [
        "slide"
      ]
    },
    "featured_collection": {
      "type": "dbtfy-featured-collection"
    },
    "featured_product": {
      "type": "featured-product",
      "blocks": {
        "properties": {
          "type": "properties"
        },
        "title": {
          "type": "title"
        },
        "star_rating": {
          "type": "star_rating"
        },
        "price": {
          "type": "price"
        },
        "wish_list": {
          "type": "wish_list"
        },
        "quick_compare": {
          "type": "quick_compare"
        },
        "bullet_points": {
          "type": "bullet_points"
        },
        "size_chart": {
          "type": "size_chart"
        },
        "color_swatches": {
          "type": "color_swatches"
        },
        "product_swatches": {
          "type": "product_swatches"
        },
        "variant_picker": {
          "type": "variant_picker"
        },
        "quantity_selector": {
          "type": "quantity_selector"
        },
        "customizable_products": {
          "type": "customizable_products"
        },
        "description": {
          "type": "description"
        },
        "buy_buttons": {
          "type": "buy_buttons"
        },
        "trust_badge": {
          "type": "trust_badge"
        },
        "delivery_time": {
          "type": "delivery_time"
        },
        "product_tabs": {
          "type": "product_tabs"
        },
        "tags": {
          "type": "tags"
        },
        "collections": {
          "type": "collections"
        },
        "sharing_icons": {
          "type": "sharing_icons"
        },
        "social_discount": {
          "type": "social_discount"
        },
        "full_details": {
          "type": "full_details"
        }
      },
      "block_order": [
        "properties",
        "title",
        "star_rating",
        "price",
        "wish_list",
        "quick_compare",
        "bullet_points",
        "size_chart",
        "color_swatches",
        "product_swatches",
        "variant_picker",
        "quantity_selector",
        "customizable_products",
        "description",
        "buy_buttons",
        "trust_badge",
        "delivery_time",
        "product_tabs",
        "tags",
        "collections",
        "sharing_icons",
        "social_discount",
        "full_details"
      ]
    }
  },
  "order": [
    "slideshow",
    "featured_collection",
    "featured_product"
  ]
}
