{
  "sections": {
    "main": {
      "type": "main-product",
      "blocks": {
        "properties": {
          "type": "properties"
        },
        "title": {
          "type": "title"
        },
        "star_rating": {
          "type": "star_rating"
        },
        "price": {
          "type": "price"
        },
        "wish_list": {
          "type": "wish_list"
        },
        "quick_compare": {
          "type": "quick_compare"
        },
        "bullet_points": {
          "type": "bullet_points"
        },
        "size_chart": {
          "type": "size_chart"
        },
        "color_swatches": {
          "type": "color_swatches"
        },
        "product_swatches": {
          "type": "product_swatches"
        },
        "variant_picker": {
          "type": "variant_picker"
        },
        "quantity_selector": {
          "type": "quantity_selector"
        },
        "customizable_products": {
          "type": "customizable_products"
        },
        "description": {
          "type": "description"
        },
        "buy_buttons": {
          "type": "buy_buttons"
        },
        "back_in_stock": {
          "type": "back_in_stock"
        },
        "trust_badge": {
          "type": "trust_badge"
        },
        "upsell_bundles": {
          "type": "upsell_bundles"
        },
        "delivery_time": {
          "type": "delivery_time"
        },
        "product_tabs": {
          "type": "product_tabs"
        },
        "tags": {
          "type": "tags"
        },
        "collections": {
          "type": "collections"
        },
        "sharing_icons": {
          "type": "sharing_icons"
        },
        "social_discount": {
          "type": "social_discount"
        }
      },
      "block_order": [
        "properties",
        "title",
        "star_rating",
        "price",
        "wish_list",
        "quick_compare",
        "bullet_points",
        "size_chart",
        "color_swatches",
        "product_swatches",
        "variant_picker",
        "quantity_selector",
        "customizable_products",
        "description",
        "buy_buttons",
        "back_in_stock",
        "trust_badge",
        "upsell_bundles",
        "delivery_time",
        "product_tabs",
        "tags",
        "collections",
        "sharing_icons",
        "social_discount"
      ],
      "settings": {
      }
    },
    "product-tabs": {
      "type": "dbtfy-product-tabs"
    },
    "product-bullet-points": {
      "type": "dbtfy-product-bullet-points"
    },
    "upsell-bundles": {
      "type": "dbtfy-upsell-bundles"
    },
    "main-product-recommendations": {
      "type": "main-product-recommendations"
    },
    "main-product-review-widget": {
      "type": "main-product-review-widget"
    },
    "main-product-back-to-collection": {
      "type": "main-product-back-to-collection"
    },
    "recently-viewed": {
      "type": "dbtfy-recently-viewed"
    }
  },
  "order": [
    "main",
    "product-tabs",
    "product-bullet-points",
    "upsell-bundles",
    "main-product-recommendations",
    "main-product-review-widget",
    "main-product-back-to-collection",
    "recently-viewed"
  ]
}