{
  "current": {
    "content_for_index": [

    ],
    "color_schemes": {
      "background-1": {
        "settings": {
          "background": "#ffffff",
          "accent_background": "#faf8ff",
          "borders": "#e5e5e5",
          "headings": "#212529",
          "text": "#444444",
          "buttons_background": "#755aff",
          "buttons_label": "#ffffff",
          "links": "#755aff",
          "inputs_background": "#f2ecff",
          "errors": "#ff0000",
          "sales": "#ff0000",
          "overlay_background": "#212529",
          "overlay_text": "#ffffff"
        }
      },
      "background-2": {
        "settings": {
          "background": "#755aff",
          "accent_background": "#f2ecff",
          "borders": "#755aff",
          "headings": "#ffffff",
          "text": "#ffffff",
          "buttons_background": "#ffffff",
          "buttons_label": "#755aff",
          "links": "#f2ecff",
          "inputs_background": "#ffffff",
          "errors": "#eb361e",
          "sales": "#eb361e",
          "overlay_background": "#212529",
          "overlay_text": "#ffffff"
        }
      }
    }
  }
}
