{
  "type": "footer",
  "name": "Footer group",
  "sections": {
    "guarantee": {
      "type": "guarantee",
      "blocks": {
        "block-1": {
          "type": "guarantee",
          "settings": {
            "icon": "chat",
            "heading": "Our guarantee",
            "text": "<p>Share your guarantees with your customers.<\/p>",
            "button_label": "",
            "button_link": "",
            "button_style": "btn--primary"
          }
        },
        "block-2": {
          "type": "guarantee",
          "settings": {
            "icon": "verified_user",
            "heading": "Our guarantee",
            "text": "<p>Share your guarantees with your customers.<\/p>",
            "button_label": "",
            "button_link": "",
            "button_style": "btn--primary"
          }
        },
        "block-3": {
          "type": "guarantee",
          "settings": {
            "icon": "local_shipping",
            "heading": "Our guarantee",
            "text": "<p>Share your guarantees with your customers.<\/p>",
            "button_label": "",
            "button_link": "",
            "button_style": "btn--primary"
          }
        },
        "block-4": {
          "type": "guarantee",
          "settings": {
            "icon": "schedule",
            "heading": "Our guarantee",
            "text": "<p>Share your guarantees with your customers.<\/p>",
            "button_label": "",
            "button_link": "",
            "button_style": "btn--primary"
          }
        }
      },
      "block_order": [
        "block-1",
        "block-2",
        "block-3",
        "block-4"
      ],
      "settings": {
        "show_on_desktop": true,
        "show_on_mobile": true,
        "section_style": "default",
        "container_size": "container",
        "text_alignment": "sm:text-center",
        "text_alignment_mobile": "text-center",
        "media_size": "xl",
        "columns_per_row_mobile": "two",
        "images_loading_type": "lazy",
        "color_scheme": "background-1"
      }
    },
    "footer": {
      "type": "footer",
      "blocks": {
        "block-1": {
          "type": "text",
          "settings": {
            "heading": "",
            "column_width": 2,
            "title": "About Us",
            "subheading": "",
            "text": "<p>Share store details, promotions, or brand content with your customers.<\/p>",
            "logo_url": "",
            "logo_width": 150,
            "show_email": true,
            "show_phone": true,
            "show_location": true,
            "show_fax": true,
            "fax": "",
            "show_social_media": false
          }
        },
        "block-2": {
          "type": "link_list",
          "settings": {
            "heading": "",
            "column_width": 1,
            "title": "Quick Links",
            "subheading": "",
            "menu": "footer"
          }
        },
        "block-3": {
          "type": "newsletter",
          "settings": {
            "heading": "",
            "column_width": 2,
            "title": "Subscribe to our newsletter",
            "subheading": "Join our email list for exclusive offers and the latest news.",
            "show_newsletter_first_name": true,
            "enable_newsletter_opt_in_checkbox": true,
            "customer_tag": "newsletter"
          }
        }
      },
      "block_order": [
        "block-1",
        "block-2",
        "block-3"
      ],
      "settings": {
        "show_social_media": true,
        "social_media_position_desktop": "right",
        "social_media_title": "Follow-us on social media!",
        "show_policy_links": true,
        "color_scheme": "background-2"
      }
    }
  },
  "order": [
    "guarantee",
    "footer"
  ]
}