{
  "type": "header",
  "name": "Header group",
  "sections": {
    "header": {
      "type": "header",
      "settings": {
        "logo_default": "shopify:\/\/shop_images\/logo-default.svg",
        "logo_inverted": "shopify:\/\/shop_images\/logo-white.svg",
        "logo_mobile": "shopify:\/\/shop_images\/logo-purple-icon.svg",
        "logo_mobile_inverted": "shopify:\/\/shop_images\/logo-white-icon.svg"
      }
    },
    "drawer-menu": {
      "type": "drawer-menu"
    }
  },
  "order": [
    "header",
    "drawer-menu"
  ]
}